{"x": [0.0, 0.01, 0.02, 0.03, 0.04, 0.05, 0.06, 0.07, 0.08, 0.09, 0.1, 0.11, 0.12, 0.13, 0.14, 0.15, 0.16, 0.17, 0.18, 0.19, 0.2, 0.21, 0.22, 0.23, 0.24, 0.25, 0.26, 0.27, 0.28, 0.29, 0.3, 0.31, 0.32, 0.33, 0.34, 0.35000000000000003, 0.36, 0.37, 0.38, 0.39, 0.4, 0.41000000000000003, 0.42, 0.43, 0.44, 0.45, 0.46, 0.47000000000000003, 0.48, 0.49, 0.5, 0.51, 0.52, 0.53, 0.54, 0.55, 0.56, 0.5700000000000001, 0.58, 0.59, 0.6, 0.61, 0.62, 0.63, 0.64, 0.65, 0.66, 0.67, 0.68, 0.6900000000000001, 0.7000000000000001, 0.71, 0.72, 0.73, 0.74, 0.75, 0.76, 0.77, 0.78, 0.79, 0.8, 0.81, 0.8200000000000001, 0.8300000000000001, 0.84, 0.85, 0.86, 0.87, 0.88, 0.89, 0.9, 0.91, 0.92, 0.93, 0.9400000000000001, 0.9500000000000001, 0.96, 0.97, 0.98, 0.99, 1.0], "data": [{"E": 32.889816680952755, "f": [0.0, 0.09055861518014334, 0.1808196292406552, 0.27048706941952266, 0.35926820719973324, 0.44687514937890715, 0.5330263922176302, 0.6174483269252198, 0.699876685217912, 0.7800579142689844, 0.8577504710561656, 0.9327260268907135, 1.0047705737754984, 1.0736854251762884, 1.1392881047901722, 1.2014131179461784, 1.2599126013636008, 1.3146568481109489, 1.3655347057402982, 1.4124538467056218, 1.4553409112971114, 1.4941415244245013, 1.52882018864961, 1.5593600568905432, 1.585762589187505, 1.6080470988232378, 1.626250193921817, 1.6404251214003263, 1.6506410208129356, 1.6569820962009398, 1.6595467145418115, 1.6584464397727001, 1.6538050116477376, 1.6457572788670136, 1.6344480979613936, 1.6200311952327007, 1.6026680333425967, 1.5825266467183678, 1.5597804900394965, 1.5346072938798532, 1.507187938152534, 1.4777053510817053, 1.4463434408927793, 1.4132860668312253, 1.3787160554995475, 1.342814267849909, 1.3057587214949304, 1.2677237723097752, 1.228879358602669, 1.1893903104364412, 1.1494157259977156, 1.1091084162400302, 1.0686144183786535, 1.0280725781940105, 0.9876142005124655, 0.947362766682257, 0.9074337173523312, 0.8679342983957379, 0.8289634673996222, 0.7906118577721396, 0.7529617971941348, 0.7160873768702427, 0.6800545678101825, 0.6449213801954751, 0.6107380617582594, 0.5775473310155648, 0.5453846411618658, 0.5142784704224953, 0.4842506347073562, 0.455316618475157, 0.4274859199190441, 0.4007624059607911, 0.37514467512480365, 0.3506264221606354, 0.32719680316193656, 0.30484079712885837, 0.28353956116575807, 0.26327077656338366, 0.2440089832207237, 0.22572590006328527, 0.20839072930824834, 0.19197044260931082, 0.17643004728171324, 0.16173283095755364, 0.1478405831497815, 0.134713792306833, 0.12231181701539627, 0.1105930300527635, 0.09951493399903907, 0.08903424708921562, 0.07910695791160567, 0.06968834743765742, 0.060732976693543765, 0.05219463815013753, 0.044026268608191935, 0.03617982098177214, 0.028606091925912822, 0.02125450170317831, 0.014072822025422734, 0.007006846826395506, -0.0]}, {"E": 77.83697326353055, "f": [0.0, 0.11508609604947172, 0.22927718443898187, 0.34168604146485554, 0.4514409294376602, 0.5576931359704599, 0.6596242716648869, 0.7564532503836047, 0.8474428802568841, 0.9319059984106929, 1.0092110880537093, 1.0787873229395053, 1.1401289912361119, 1.1927992583881155, 1.2364332365392534, 1.2707403363838576, 1.2955058858178048, 1.3105920083466334, 1.3159377627633986, 1.311558554016732, 1.2975448333398094, 1.2740601134979301, 1.241338332338195, 1.199680604599339, 1.149451408083294, 1.0910742557331425, 1.0250269098471534, 0.9518361985401725, 0.872072497608996, 0.7863439431476865, 0.6952904415849746, 0.5995775442846593, 0.49989025347897664, 0.39692682511559974, 0.2913926285205244, 0.1839941476630731, 0.07543311890936061, -0.03359905347231362, -0.14242662290232627, -0.2503944949742393, -0.3568728563795752, -0.4612614047110152, -0.562993151322809, -0.6615377752800174, -0.7564045123111232, -0.84714456851262, -0.9333530542643697, -1.0146704393309536, -1.0907835353827644, -1.161426017113667, -1.2263784977091987, -1.2854681785875703, -1.3385680970600982, -1.385595998810898, -1.4265128648587375, -1.4613211249254277, -1.4900625908915666, -1.512816145275388, -1.5296952204345022, -1.5408451044802325, -1.5464401097326133, -1.5466806389583905, -1.541790183656514, -1.532012287320964, -1.5176075049576516, -1.498850388200664, -1.476026523205085, -1.4494296461309446, -1.4193588585177281, -1.3861159622224213, -1.3500029313994384, -1.3113195324729376, -1.2703611126077992, -1.2274165524414982, -1.1827663998626672, -1.1366811840069848, -1.0894199114574612, -1.041228743600534, -0.9923398519533876, -0.9429704463018983, -0.8933219686813301, -0.8435794445978663, -0.7939109814292982, -0.7444674026551432, -0.6953820054440935, -0.6467704281610333, -0.5987306135348603, -0.5513428525373093, -0.5046698934446914, -0.45875710006934955, -0.4136326427338497, -0.36930770519459244, -0.3257766903765682, -0.28301740742929693, -0.24099122222532285, -0.19964315296434856, -0.1589018919831396, -0.11867973416569119, -0.07887239145864314, -0.03935867187846516, 0.0]}, {"E": 130.3860097183775, "f": [0.0, 0.1471245187742379, 0.29233308709502687, 0.4337357538379022, 0.5694941823659545, 0.6978465036500118, 0.8171310419723093, 0.9258085662852095, 1.022482744370265, 1.1059185062037287, 1.1750580568529227, 1.229034317192176, 1.2671816120562003, 1.2890434694052664, 1.2943774398813634, 1.2831568929821664, 1.2555697931538428, 1.2120145055932383, 1.153092726663895, 1.0795996768127982, 0.9925117340193556, 0.8929717224696883, 0.7822721037565513, 0.661836345968872, 0.5331987691568055, 0.397983183536434, 0.25788064923121545, 0.11462669323539366, -0.030021679369886287, -0.1743088470125757, -0.31650298244254577, -0.4549177034643741, -0.5879326731829715, -0.7140128824054053, -0.8317263727117732, -0.9397601939158016, -1.0369344063509895, -1.1222139972690137, -1.1947185930719204, -1.2537298977053826, -1.2986968198909534, -1.3292382877898352, -1.3451437839594598, -1.3463716660236833, -1.3330453688475852, -1.3054476117654676, -1.2640127591947805, -1.209317504484958, -1.1420700648736846, -1.0630980897994502, -0.9733354954645307, -0.8738084454417493, -0.7656207003227282, -0.6499385590280851, -0.5279756106117137, -0.40097750841378815, -0.27020696851692466, -0.13692918194137338, -0.002397815212461296, 0.1321582427963498, 0.2655472481268768, 0.3966259629505997, 0.5243099108390512, 0.6475824468825758, 0.7655025842054914, 0.8772115389108384, 0.9819379753874705, 1.0790019529398889, 1.1678175926022631, 1.2478944995526464, 1.3188379926353273, 1.3803481977953622, 1.432218099817827, 1.4743306098044846, 1.5066547636219616, 1.5292411406493218, 1.5422166072490675, 1.5457784900580016, 1.5401882847289927, 1.5257650046752145, 1.5028782718023517, 1.47194124730418, 1.4334034954966621, 1.3877438675367952, 1.3354634848804015, 1.2770788946443654, 1.2131154608177201, 1.1441010466713644, 1.0705600348997268, 0.9930077231309121, 0.911945123594591, 0.8278541870559427, 0.7411934627111907, 0.6523941976826172, 0.5618568721189204, 0.46994815875497176, 0.3769982891514533, 0.28329880274156427, 0.18910064926524212, 0.09461261016218245, -0.0]}, {"E": 199.29086474066773,